{"modellist":[{"Right_X_negative_angle1":-8.424264844444453,"Left_X_negative_angle1":-8.424264844444453,"Right_X_positive_angle1":11.39753478954268,"Left_X_positive_angle1":11.39753478954268,"Right_X_negative_angle2":-7.990662977451005,"Left_X_negative_angle2":-12.636397266666702,"Right_X_positive_angle2":12.636397266666702,"Left_X_positive_angle2":7.990662977451005}]}